Sequence ID,Sequence,Molecular Weight,Isoelectric Point (pI),GRAVY,Aromaticity,Instability Index,Disulfide Bonds,Molecular Volume,Secondary Structure Fraction 1,Secondary Structure Fraction 2,Secondary Structure Fraction 3,,,Prediction
seq17,GRYRRGEERERGGEYENECGVVRCYRYVRELDGDVGGVVVGVVEYRRERG,5840.3628,6.472847176,-1.108,0.1,26.78,7575,6702,0.3,0.22,0.2,,,Non-Toxin
seq42,VREGGYAVVGQG,1191.2935,5.971584129,-9.25E-18,0.083333333,25.03333333,1490,1398.2,0.333333333,0.333333333,0.166666667,,,Non-Toxin
seq53,EGDEVGGYVGEE,1239.1991,4.050028419,-1,0.083333333,19.10833333,1490,1378.7,0.25,0.333333333,0.333333333,,,Non-Toxin
seq81,GVGYGRVIGERE,1291.4127,6.283118629,-0.5,0.083333333,-18.34166667,1490,1504.3,0.333333333,0.333333333,0.166666667,,,Non-Toxin
seq100,DRDVFVEYVDVE,1484.5622,4.050028419,-0.308333333,0.166666667,-9.641666667,1490,1727,0.5,0,0.166666667,,,Non-Toxin
seq131,IVEGIADVVDGV,1185.3238,4.050028419,1.358333333,0,-24.58333333,0,1462.8,0.5,0.166666667,0.166666667,,,Non-Toxin
seq135,EGGGREVYREGVVIRVERYGERDGGCA,2969.2091,5.110871315,-0.862962963,0.074074074,5.555555556,2980,3401.8,0.259259259,0.259259259,0.222222222,,,Non-Toxin
seq194,EEVEVVFEDRGY,1470.5357,4.050028419,-0.691666667,0.166666667,31.95,1490,1701.7,0.416666667,0.083333333,0.333333333,,,Non-Toxin
seq226,VGIVVEGEYVRGGCGVGHLYE,2192.4496,4.959509087,0.40952381,0.095238095,-11.9952381,2980,2631.5,0.428571429,0.285714286,0.19047619,,,Non-Toxin
seq235,GGERGVRGGYGCEQREGGVEVYGDEIYEGGVK,3362.5537,4.54657383,-0.934375,0.09375,15.915625,4470,3851.2,0.25,0.34375,0.1875,,,Non-Toxin
seq237,YGGRQRRGYYEGVVGIRVVDRVVEEGGYVGERRENVYGEEYEGGGVYGG,5447.8136,4.969058037,-0.865306122,0.142857143,36.08979592,10430,6313.3,0.346938776,0.306122449,0.163265306,,,Non-Toxin
seq248,CCEEGYYDYEEGEGVGYGREYYGIRRVGRVVGG,3740.9978,4.546516991,-0.836363636,0.181818182,40.05454545,9065,4281.3,0.333333333,0.272727273,0.181818182,,,Non-Toxin
seq255,GGEGVEIGVRVVREEYVGGNRDCYRRDYEYEVRREYYGVGRFVCEER,5625.1048,5.054089165,-1.012765957,0.14893617,44.37234043,9065,6478.5,0.340425532,0.191489362,0.191489362,,,Non-Toxin
seq265,GEGVYREGRVYGVGVYDYVYYYQGREQGVEERGGEGVG,4252.4816,4.54657383,-0.884210526,0.184210526,14.06578947,10430,4919,0.368421053,0.289473684,0.157894737,,,Non-Toxin
seq269,GRVVRGDVYYRGVGEGTECVRRYGYEERRGEGGYEQREEGGGYERVVGVV,5646.0611,5.378867149,-1.048,0.12,39.69,8940,6488.6,0.3,0.26,0.18,,,Non-Toxin
seq276,VYYQGGRVYGEVGGRVVGREVENGREYGGYEGYERGR,4173.4348,6.348938179,-1.135135135,0.162162162,-7.243243243,8940,4791.4,0.324324324,0.324324324,0.162162162,,,Non-Toxin
seq288,RFEGEEGYGTGVRYCYEGEVGGGVRRGVCVRGFVRVIET,4299.7619,6.365023613,-0.328205128,0.128205128,25.47948718,4595,5028.3,0.333333333,0.256410256,0.153846154,,,Non-Toxin
seq296,GGRERCVEGENEIFVVEVVGYEVRGVYGRRGYEYRRYYGVVY,4983.4919,6.403503609,-0.576190476,0.19047619,16.75714286,10430,5857.8,0.428571429,0.214285714,0.166666667,,,Non-Toxin
seq302,GFFRVYEGTCRQYGGGAGE,2054.2014,6.274990654,-0.584210526,0.210526316,3.321052632,2980,2348.2,0.263157895,0.315789474,0.157894737,,,Non-Toxin
seq316,YGGRVGGREEEGGKIEREYIVGGVKERCYYERYGEGNVEIGVGGHNYDGY,5576.9476,5.003900337,-1.064,0.14,37.68,10430,6447.5,0.3,0.32,0.18,,,Non-Toxin
seq330,VVEEGDDYGVGV,1237.2692,4.050028419,0.025,0.083333333,22.18333333,1490,1432.9,0.416666667,0.25,0.166666667,,,Non-Toxin
seq343,GCVGHYEVVGYCGRYVYVYGEEGGEY,2908.1354,4.481720543,-0.242307692,0.230769231,10.43846154,9065,3379.5,0.423076923,0.269230769,0.153846154,,,Non-Toxin
seq348,GAGGYEYIYGVERVGGYR,1966.1128,6.141077995,-0.494444444,0.222222222,-14.01111111,5960,2293.9,0.388888889,0.333333333,0.166666667,,,Non-Toxin
seq350,GGVEVDVGGQKRKWRVRGEVYERVEGGEDRVG,3558.8729,6.372299004,-1.071875,0.0625,13.025,6990,4144.4,0.28125,0.25,0.15625,,,Non-Toxin
seq359,GEVGETYVGVYRRGRCEEGGRDVGTGYFGRYIGEVGRVYEE,4577.9133,4.999012184,-0.787804878,0.146341463,9.075609756,7450,5286.7,0.317073171,0.268292683,0.170731707,,,Non-Toxin
seq364,DVVGGGEVVGYE,1179.2331,4.050028419,0.283333333,0.083333333,-4.058333333,1490,1381.9,0.416666667,0.333333333,0.166666667,,,Non-Toxin
seq365,GYREGDYVGREGRVRVEVVEEGPGGVRYVERDGREYYG,4365.6479,4.933249474,-1.192105263,0.131578947,11.67368421,7450,5006.4,0.315789474,0.263157895,0.184210526,,,Non-Toxin
seq368,GCCYGGRYEVYGRRREVVEEGGVGYGCEGY,3323.6085,5.066025352,-0.71,0.166666667,42.42666667,7575,3780,0.3,0.3,0.166666667,,,Non-Toxin
seq385,VGRRVEGYGRVEGGRYGGEVEYGEYHYGVYDGIVGEGGR,4254.5042,5.134345818,-0.858974359,0.153846154,25.16666667,8940,4911.3,0.333333333,0.333333333,0.153846154,,,Non-Toxin
seq389,AYYGVGREGVGGVCYYE,1841.9921,4.856801033,-0.105882353,0.235294118,11.77058824,5960,2142.2,0.411764706,0.294117647,0.176470588,,,Non-Toxin
seq413,GGYGEIVCRVTVYYIFGVYGEYVIYEGRERE,3640.0378,4.804281807,-0.067741935,0.225806452,-2.003225806,8940,4349,0.483870968,0.193548387,0.161290323,,,Non-Toxin
seq425,YEVRGGGGYGGREYFVYEEGGYEYEVVGRYGRRVTVRCGEGGV,4788.1444,5.235519218,-0.739534884,0.186046512,21.79302326,10430,5540.2,0.348837209,0.302325581,0.162790698,,,Non-Toxin
seq429,EGNGRRYVECEEGGGCYVVYEEYGRCEVVGEGEGRGVVYGGRRGVG,4948.319,4.763300896,-0.717391304,0.108695652,40.43913043,7575,5655,0.282608696,0.326086957,0.195652174,,,Non-Toxin
seq447,YRVGVGIYYGGREEGEGERIIEYGEYVRGVITGGRVDY,4287.6567,4.816388512,-0.539473684,0.157894737,9.623684211,8940,5054,0.394736842,0.263157895,0.157894737,,,Non-Toxin
seq448,GRVYGRVVFVEYGKVQGYEGVYVYGEEGDRGGEYGERYEGGGGVEGVVVG,5339.707,4.52520237,-0.468,0.16,-4.17,10430,6271,0.38,0.32,0.16,,,Non-Toxin
seq452,VEIGVRGYGEVG,1234.358,4.531284142,0.225,0.083333333,-9.366666667,1490,1470.9,0.416666667,0.333333333,0.166666667,,,Non-Toxin
seq482,GRVCERRGEGVYQYRRGEVYECEGFYRQVGEGYGV,4107.4629,6.363602638,-1.025714286,0.171428571,30.79171429,7575,4714.1,0.314285714,0.228571429,0.171428571,,,Non-Toxin
seq491,VGVGYYVVRGEEGGRVEGDYRGYVGDYVGCRVEGQVRYARGEEHEGGRYV,5559.9666,5.223583031,-0.754,0.14,7.268,10430,6435.4,0.34,0.26,0.16,,,Non-Toxin
seq513,GEIVVKTGREENYRGVRGYEGYEEVRMGTGRVRYIE,4208.6283,6.464832878,-1.011111111,0.111111111,12.64722222,5960,4915.5,0.305555556,0.222222222,0.222222222,,,Non-Toxin
seq515,RVGYYQEGYGVYRGEVHRRYGGGGGQVEVEGNRVEGCEGVKRGTVYEEVR,5597.0317,6.786257362,-1.01,0.12,22.2,8940,6472,0.3,0.28,0.16,,,Non-Toxin
seq523,GYEKGCEYVVGGYDGEGGGYGCGGREGEQGTEVYETERVEVERYY,4937.1292,4.199628639,-1.091111111,0.155555556,18.33111111,10555,5613.4,0.266666667,0.288888889,0.222222222,,,Non-Toxin
seq530,GIRGGCGVRVVERVEGEEYYDEGGTRGGGGRGDGDYEVYREYGRVGYVE,5335.6195,4.692365837,-0.981632653,0.12244898,14.46326531,8940,6088.7,0.285714286,0.306122449,0.163265306,,,Non-Toxin
seq554,GVRCGYFRVVYVGYEGFYRQGGEGTGCYYEVVKRGRGKEVEEYEGVERQG,5722.2578,6.424647713,-0.804,0.18,16.9182,10555,6681.7,0.34,0.24,0.16,,,Non-Toxin
seq558,GGRLFYVYYRGGGVEEYGENRRVD,2812.0151,6.316937828,-0.995833333,0.208333333,54.51708333,5960,3245.6,0.375,0.291666667,0.166666667,,,Non-Toxin
seq570,VEGVYLIGGRYG,1282.4438,5.9709589,0.375,0.166666667,-0.191666667,2980,1552.8,0.5,0.333333333,0.166666667,,,Non-Toxin
seq574,GQVGRYGRYEGYVYRGVYGEGRCEE,2903.1043,6.364966774,-1.188,0.2,-22.216,7450,3308.2,0.32,0.28,0.16,,,Non-Toxin
seq595,ELGVVECGRTVYVIVEYGRYVIY,2680.081,4.786377525,0.604347826,0.173913043,14.73043478,5960,3281.4,0.565217391,0.130434783,0.173913043,,,Non-Toxin
seq601,IGYVEYGYVDVVGGEYEYVHGVVGRYERCGQYEGGGREARG,4548.8701,4.79791584,-0.597560976,0.170731707,-10.86829268,10430,5292.2,0.365853659,0.268292683,0.170731707,,,Non-Toxin
seq609,DRVYGECGYGRRGEGVDGRVGEVYCQDEGGVVGEVVREEGRGAR,4733.0515,4.727435493,-0.870454545,0.068181818,14.80681818,4595,5387.3,0.25,0.272727273,0.181818182,,,Non-Toxin
